<?xml version="1.0" encoding="UTF-8"?>
<project-private xmlns="http://www.netbeans.org/ns/project-private/1">
    <editor-bookmarks xmlns="http://www.netbeans.org/ns/editor-bookmarks/2" lastBookmarkId="0"/>
    <open-files xmlns="http://www.netbeans.org/ns/projectui-open-files/2">
        <group>
            <file>file:/D:/Downloads/DBMS/src/UI/TROUI/ResponseUI.java</file>
            <file>file:/D:/Downloads/DBMS/src/Main/image.jpg</file>
            <file>file:/D:/Downloads/DBMS/src/DBConnection/DBTROConnect.java</file>
            <file>file:/D:/Downloads/DBMS/src/DBConnection/DBStudentConnect.java</file>
            <file>file:/D:/Downloads/DBMS/src/UI/TROUI/TROUI.java</file>
            <file>file:/D:/Downloads/DBMS/src/Main/HomePageUI.java</file>
            <file>file:/D:/Downloads/DBMS/src/UI/StudentUI/NewIssueUI.java</file>
            <file>file:/D:/Downloads/DBMS/src/UI/StudentUI/StudentUI.java</file>
            <file>file:/D:/Downloads/DBMS/src/UI/StudentUI/StudentLoginUI.java</file>
            <file>file:/D:/Downloads/DBMS/src/UI/TROUI/TROLoginUI.java</file>
        </group>
    </open-files>
</project-private>
